cd_ibge;uf;municipio;cod_familiar_fam;dat_cadastramento_fam;dat_atual_fam;nom_localidade_fam;nom_tip_logradouro_fam;nom_logradouro_fam;num_logradouro_fam;des_complemento_fam;num_cep_logradouro_fam;vlr_renda_media_fam;vlr_renda_total_fam;cod_local_domic_fam;cod_familia_indigena_fam;ind_familia_quilombola_fam;num_ddd_contato_1_fam;num_tel_contato_1_fam;ind_parc_mds_fam;num_nis_pessoa_atual;nom_pessoa;nom_apelido_pessoa;num_cpf_pessoa;dta_nasc_pessoa;cod_sexo_pessoa;cod_parentesco_rf_pessoa;cod_raca_cor_pessoa;grau_instrucao;cod_deficiencia_memb;ind_trabalho_infantil_pessoa;marc_sit_rua;marc_pbf
2700300;AL;Arapiraca;270030000013;2019-05-02;2026-05-20;CENTRO;PRAÇA;MANOEL ANDRÉ;113;;57300005;180.00;720.00;1;0;0;82;40040000;0;16200001015;JUCILENE FERRO;;12000010105;1978-03-15;2;1;1;1;2;2;2;2
2700300;AL;Arapiraca;270030000013;2019-05-02;2026-05-20;CENTRO;PRAÇA;MANOEL ANDRÉ;113;;57300005;180.00;720.00;1;0;0;82;40040000;0;16200001023;GENIVALDO FERRO;;12000010288;1975-07-22;1;2;1;2;2;2;2;2
2700300;AL;Arapiraca;270030000013;2019-05-02;2026-05-20;CENTRO;PRAÇA;MANOEL ANDRÉ;113;;57300005;180.00;720.00;1;0;0;82;40040000;0;16200001031;KAUÃ FERRO;;12000010369;2013-09-05;2;3;1;3;2;2;2;2
2700300;AL;Arapiraca;270030000013;2019-05-02;2026-05-20;CENTRO;PRAÇA;MANOEL ANDRÉ;113;;57300005;180.00;720.00;1;0;0;82;40040000;0;16200001040;LARISSA FERRO;;12000010440;2014-09-05;1;3;1;4;2;2;2;2
2700300;AL;Arapiraca;270030000014;2019-05-02;2024-04-20;CENTRO;RUA;DOMINGOS CORREIA;114;;57300010;150.00;150.00;1;0;0;82;40040000;0;16200001058;ROSÂNGELA TENÓRIO;;12000010520;1979-03-15;2;1;2;1;2;2;2;2
2700300;AL;Arapiraca;270030000015;2019-05-02;2024-11-20;CENTRO;PRAÇA;LUIZ PEREIRA LIMA;115;;57300015;350.00;1050.00;1;0;0;82;40040000;0;16200001066;EDILEUZA CAVALCANTE;;12000010601;1980-03-15;2;1;3;1;2;2;2;2
2700300;AL;Arapiraca;270030000015;2019-05-02;2024-11-20;CENTRO;PRAÇA;LUIZ PEREIRA LIMA;115;;57300015;350.00;1050.00;1;0;0;82;40040000;0;16200001074;EDVALDO CAVALCANTE;;12000010792;1977-07-22;1;2;3;2;2;2;2;2
2700300;AL;Arapiraca;270030000015;2019-05-02;2024-11-20;CENTRO;PRAÇA;LUIZ PEREIRA LIMA;115;;57300015;350.00;1050.00;1;0;0;82;40040000;0;16200001082;WESLEY CAVALCANTE;;12000010873;2015-09-05;2;3;3;3;2;1;2;2
2700300;AL;Arapiraca;270030000016;2019-05-02;2026-05-20;CENTRO;RUA;NOSSA SENHORA APARECIDA;116;;57300020;250.00;500.00;1;0;0;82;40040000;0;16200001090;MARILENE BULHÕES;;12000010954;1981-03-15;2;1;4;1;2;2;1;2
2700300;AL;Arapiraca;270030000016;2019-05-02;2026-05-20;CENTRO;RUA;NOSSA SENHORA APARECIDA;116;;57300020;250.00;500.00;1;0;0;82;40040000;0;16200001104;EMILLY BULHÕES;;12000011098;2016-09-05;1;3;4;2;2;2;1;2
2700300;AL;Arapiraca;270030000017;2019-05-02;2026-05-20;CENTRO;RUA;PAULO AFONSO;117;;57300022;400.00;1200.00;1;0;0;82;40040000;0;16200001112;CLEIDE SANDES;;12000011179;1982-03-15;2;1;5;1;2;2;2;2
2700300;AL;Arapiraca;270030000017;2019-05-02;2026-05-20;CENTRO;RUA;PAULO AFONSO;117;;57300022;400.00;1200.00;1;0;0;82;40040000;0;16200001120;ADEILDO SANDES;;12000011250;1979-07-22;1;2;5;2;2;2;2;2
2700300;AL;Arapiraca;270030000017;2019-05-02;2026-05-20;CENTRO;RUA;PAULO AFONSO;117;;57300022;400.00;1200.00;1;0;0;82;40040000;0;16200001139;RYAN SANDES;;12000011330;2017-09-05;2;3;5;3;1;2;2;2
2700300;AL;Arapiraca;270030000018;2019-05-02;2024-04-20;CENTRO;RUA;BOA VISTA;118;;57300030;300.00;1200.00;1;0;0;82;40040000;0;16200001147;IVANILDA OMENA;;12000011411;1983-03-15;2;1;1;1;2;2;2;1
2700300;AL;Arapiraca;270030000018;2019-05-02;2024-04-20;CENTRO;RUA;BOA VISTA;118;;57300030;300.00;1200.00;1;0;0;82;40040000;0;16200001155;MANOEL OMENA;;12000011500;1980-07-22;1;2;1;2;2;2;2;1
2700300;AL;Arapiraca;270030000018;2019-05-02;2024-04-20;CENTRO;RUA;BOA VISTA;118;;57300030;300.00;1200.00;1;0;0;82;40040000;0;16200001163;VITÓRIA OMENA;;12000011683;2018-09-05;1;3;1;3;2;2;2;1
2700300;AL;Arapiraca;270030000018;2019-05-02;2024-04-20;CENTRO;RUA;BOA VISTA;118;;57300030;300.00;1200.00;1;0;0;82;40040000;0;16200001171;PIETRO OMENA;;12000011764;2013-09-05;2;3;1;4;2;2;2;1
2700300;AL;Arapiraca;270030000019;2019-05-02;2026-05-20;CENTRO;RUA;PADRE CÍCERO;119;;57300040;320.00;640.00;1;0;1;82;40040000;0;16200001180;QUITÉRIA ACIOLI;;12000011845;1984-03-15;2;1;2;1;2;2;2;2
2700300;AL;Arapiraca;270030000019;2019-05-02;2026-05-20;CENTRO;RUA;PADRE CÍCERO;119;;57300040;320.00;640.00;1;0;1;82;40040000;0;16200001198;LOURIVAL ACIOLI;;12000011926;1981-07-22;1;2;2;2;2;2;2;2
2700300;AL;Arapiraca;270030000020;2019-05-02;2024-11-20;CENTRO;RUA;ESPERIDIÃO RODRIGUES;120;;57300060;280.00;840.00;1;1;0;82;40040000;0;16200001201;DAMIANA GAIA;;12000012060;1985-03-15;2;1;3;1;2;2;2;2
2700300;AL;Arapiraca;270030000020;2019-05-02;2024-11-20;CENTRO;RUA;ESPERIDIÃO RODRIGUES;120;;57300060;280.00;840.00;1;1;0;82;40040000;0;16200001210;EXPEDITO GAIA;;12000012140;1982-07-22;1;2;3;2;2;2;2;2
2700300;AL;Arapiraca;270030000020;2019-05-02;2024-11-20;CENTRO;RUA;ESPERIDIÃO RODRIGUES;120;;57300060;280.00;840.00;1;1;0;82;40040000;0;16200001228;SOPHIA GAIA;;12000012221;2014-09-05;1;3;3;3;2;2;2;2
2700300;AL;Arapiraca;270030000021;2019-05-02;2024-04-20;CENTRO;RUA;MARCELINO MAGALHÃES;121;;57300065;200.00;200.00;1;0;0;82;40040000;0;16200001236;SEVERINA LESSA;;12000012302;1962-01-30;2;1;4;1;1;2;2;2
2700300;AL;Arapiraca;270030000022;2019-05-02;2026-05-20;CENTRO;RUA;FERNANDES LIMA;122;;57300070;170.00;680.00;1;0;0;82;40040000;0;16200001244;LUZINETE MALTA;;12000012493;1987-03-15;2;1;5;1;2;2;2;1
2700300;AL;Arapiraca;270030000022;2019-05-02;2026-05-20;CENTRO;RUA;FERNANDES LIMA;122;;57300070;170.00;680.00;1;0;0;82;40040000;0;16200001252;ARNALDO MALTA;;12000012574;1984-07-22;1;2;5;2;2;2;2;1
2700300;AL;Arapiraca;270030000022;2019-05-02;2026-05-20;CENTRO;RUA;FERNANDES LIMA;122;;57300070;170.00;680.00;1;0;0;82;40040000;0;16200001260;REBECA MALTA;;12000012655;2015-09-05;2;3;5;3;2;1;2;1
2700300;AL;Arapiraca;270030000022;2019-05-02;2026-05-20;CENTRO;RUA;FERNANDES LIMA;122;;57300070;170.00;680.00;1;0;0;82;40040000;0;16200001279;THEO MALTA;;12000012736;2016-09-05;1;3;5;4;2;2;2;1
2700300;AL;Arapiraca;270030000023;2019-05-02;2026-05-20;CENTRO;RUA;SÃO FRANCISCO;123;;57300080;900.00;2700.00;1;0;0;82;40040000;0;16200001287;GILVANIA BRANDÃO;;12000012817;1988-03-15;2;1;1;1;2;2;2;2
2700300;AL;Arapiraca;270030000023;2019-05-02;2026-05-20;CENTRO;RUA;SÃO FRANCISCO;123;;57300080;900.00;2700.00;1;0;0;82;40040000;0;16200001295;JOSAFÁ BRANDÃO;;12000012906;1985-07-22;1;2;1;2;2;2;2;2
2700300;AL;Arapiraca;270030000023;2019-05-02;2026-05-20;CENTRO;RUA;SÃO FRANCISCO;123;;57300080;900.00;2700.00;1;0;0;82;40040000;0;16200001309;THEO BRANDÃO;;12000013031;2017-09-05;2;3;1;3;2;2;2;2
2700300;AL;Arapiraca;270030000024;2019-05-02;2026-05-20;CENTRO;RUA;DO CEP INVÁLIDO;124;;99999999;260.00;520.00;1;0;0;82;40040000;0;16200001317;EDNA TORRES;;12000013112;1989-03-15;2;1;2;1;2;2;2;2
2700300;AL;Arapiraca;270030000024;2019-05-02;2026-05-20;CENTRO;RUA;DO CEP INVÁLIDO;124;;99999999;260.00;520.00;1;0;0;82;40040000;0;16200001325;ALICE TORRES;;12000013201;2018-09-05;1;3;2;2;2;2;2;2
